{"train_loss": [2.842993915081024, 2.7072213292121887], "val_loss": [2.941019408404827, 2.912703588604927], "val_iou": [0.00042480515548959374, 0.001291580148972571], "learning_rates": [0.0001, 0.0001]}