{"train_loss": [3.3651325702667236, 3.2722694873809814], "val_loss": [3.0625551342964172, 3.062233455479145], "val_iou": [0.00012135386350564659, 0.00018029104103334248], "learning_rates": [0.0001, 0.0001]}