{"train_loss": [0.9805771605659077, 0.4871275403799901], "val_loss": [0.5666950448607722, 0.3522692184287606], "val_iou": [0.12780984469973455, 0.19063858539922862], "learning_rates": [0.0001, 0.0001]}