{"train_loss": [1.0295612899856712, 0.42736545189191366], "val_loss": [0.5793043759697718, 0.3151633964574083], "val_iou": [0.12469858676195145, 0.1479269564151764], "learning_rates": [0.0001, 0.0001]}