{"train_loss": [1.0685431641021759, 0.5500467852554248], "train": [{"dice": 0.1242905855178833, "iou": 0.12297763675451279, "precision": 0.24779891967773438, "recall": 0.12517765164375305, "f1_score": 0.1242905855178833, "class_0_dice": 0.9909968972206116, "class_0_iou": 0.9821544289588928, "class_1_dice": 0.0, "class_1_iou": 0.0, "class_2_dice": 0.0, "class_2_iou": 0.0, "class_3_dice": 0.003327786922454834, "class_3_iou": 0.0016666667070239782, "class_4_dice": 0.0, "class_4_iou": 0.0, "class_5_dice": 0.0, "class_5_iou": 0.0, "class_6_dice": 0.0, "class_6_iou": 0.0, "class_7_dice": 0.0, "class_7_iou": 0.0, "class_8_dice": 0.0, "class_8_iou": 0.0, "class_9_dice": 0.0, "class_9_iou": 0.0, "confusion_matrix": 