{"train_loss": [0.41278459193142314], "val_loss": [0.3003940511468454], "val_iou": [0.15489241480827332]}