{"train_loss": [2.422646871030005, 1.8572014791717946], "val_loss": [2.095883031467815, 1.6052380217300666], "val_iou": [0.049102206417656204, 0.06917963496276308], "learning_rates": [0.0001, 0.0001]}